<?xml version="1.0" encoding="UTF-8"?>
<!DOCTYPE suite SYSTEM "https://testng.org/testng-1.0.dtd">

<suite name="Amazon Suite" thread-count="3">
	<listeners>
<listener class-name="utilities.ExtentReportManager"/>
</listeners>
	<test name="Test 1 : Chrome Tests">
		<parameter name="browserName" value="Chrome"></parameter>
		<classes>
			<class name="amazonSearch.BaseTestClass" />
		</classes>
	</test>
	<test name="Test 2 : Firefox Tests">
		<parameter name="browserName" value="Firefox"></parameter>
		<classes>
			<class name="amazonSearch.BaseTestClass" />
		</classes>
	</test>
	<test name="Test 3 : Edge Tests">
		<parameter name="browserName" value="Edge"></parameter>
		<classes>
			<class name="amazonSearch.BaseTestClass" />
		</classes>
	</test>
</suite>